Attribute,Mean Brier Difference,Mean Wilcoxon P-Value
bleed,3.424729388967762e-10,0.21783229743666246
skin_cancer_history,3.323268049637562e-10,0.4953639651856583
cancer_history,2.829853851249453e-10,0.48116363328893463
