Attribute,Mean Brier Difference,Mean Wilcoxon P-Value
hurt,1.3517948704855343e-09,0.024220642301045467
grew,1.219166628763091e-09,0.02125028580771039
skin_cancer_history,8.898076719887626e-10,0.050420117600542054
