Attribute,Mean Brier Difference,Mean Wilcoxon P-Value
elevation,1.2648238012502588e-09,7.133250340659438e-05
skin_cancer_history,1.1185486148423962e-09,0.6734342862185897
grew,6.279756992189078e-10,0.06839159604919645
