Attribute,N,abs_change,rel_change,pval,qval,significant
bleed,845,0.03550574201568047,0.07118106502349361,4.442085930327882e-22,4.442085930327882e-22,True
bleed,52,0.1543259343865384,0.21870196339788603,4.690293921300863e-10,4.690293921300863e-10,True
bleed,192,0.035319945822916664,0.07396865038617641,1.3209757687926393e-12,1.3209757687926393e-12,True
